{"cameraMode":{"drawMode":0,"name":"Shaded","section":"Shading Mode"},"sceneLighting":true,"audioPlay":false,"sceneViewState":{"m_AlwaysRefresh":false,"showFog":true,"showSkybox":true,"showFlares":true,"showImageEffects":true,"showParticleSystems":true,"showVisualEffectGraphs":true,"m_FxEnabled":true},"in2DMode":false,"pivot":{"x":-17.69928550720215,"y":-10.29998779296875,"z":17.305208206176759},"rotation":{"x":0.03027179278433323,"y":-0.0464647151529789,"z":0.0014078745152801276,"w":0.9984549283981323},"size":0.8440335988998413,"orthographic":false}