{"cameraMode":{"drawMode":0,"name":"Shaded","section":"Shading Mode"},"sceneLighting":true,"audioPlay":false,"sceneViewState":{"m_AlwaysRefresh":false,"showFog":true,"showSkybox":true,"showFlares":true,"showImageEffects":true,"showParticleSystems":true,"showVisualEffectGraphs":true,"m_FxEnabled":true},"in2DMode":false,"pivot":{"x":-17.50214958190918,"y":-10.969197273254395,"z":20.5367374420166},"rotation":{"x":0.06459595263004303,"y":-0.07179006189107895,"z":0.004657893907278776,"w":0.9953114986419678},"size":0.8440335988998413,"orthographic":false}