{"cameraMode":{"drawMode":0,"name":"Shaded","section":"Shading Mode"},"sceneLighting":true,"audioPlay":false,"sceneViewState":{"m_AlwaysRefresh":false,"showFog":true,"showSkybox":true,"showFlares":true,"showImageEffects":true,"showParticleSystems":true,"showVisualEffectGraphs":true,"m_FxEnabled":true},"in2DMode":false,"pivot":{"x":386.1916198730469,"y":329.0295715332031,"z":-515.220947265625},"rotation":{"x":0.03929460793733597,"y":-0.014991692267358303,"z":0.0005891243345104158,"w":0.9991139769554138},"size":4.718050479888916,"orthographic":false}